id,sleep_date,sleep_minutes,sleep_hours
1503960366,2016-03-13,411,6.85
1503960366,2016-03-14,354,5.9
1503960366,2016-03-15,312,5.2
1503960366,2016-03-16,333,5.55
1503960366,2016-03-17,402,6.7
1503960366,2016-03-18,379,6.316666666666666
1503960366,2016-03-19,447,7.45
1503960366,2016-03-20,469,7.816666666666666
1503960366,2016-03-21,390,6.5
1503960366,2016-03-23,281,4.683333333333334
1503960366,2016-03-24,303,5.05
1503960366,2016-03-25,351,5.85
1503960366,2016-03-26,437,7.283333333333333
1503960366,2016-03-27,483,8.05
1503960366,2016-03-28,73,1.2166666666666666
1503960366,2016-03-29,349,5.816666666666666
1503960366,2016-03-31,308,5.133333333333334
1503960366,2016-04-01,283,4.716666666666667
1503960366,2016-04-02,439,7.316666666666666
1503960366,2016-04-03,379,6.316666666666666
1503960366,2016-04-04,294,4.9
1503960366,2016-04-05,280,4.666666666666667
1503960366,2016-04-09,380,6.333333333333333
1503960366,2016-04-10,455,7.583333333333333
1503960366,2016-04-11,310,5.166666666666667
1644430081,2016-03-27,373,6.216666666666667
1644430081,2016-03-28,466,7.766666666666667
1644430081,2016-03-29,56,0.9333333333333333
1644430081,2016-03-30,538,8.966666666666667
1844505072,2016-04-03,169,2.816666666666667
1844505072,2016-04-04,771,12.85
1844505072,2016-04-09,221,3.683333333333333
1844505072,2016-04-10,277,4.616666666666666
1927972279,2016-03-11,29,0.48333333333333334
1927972279,2016-03-12,608,10.133333333333333
1927972279,2016-03-13,505,8.416666666666666
1927972279,2016-03-14,173,2.8833333333333333
1927972279,2016-03-15,68,1.1333333333333333
1927972279,2016-03-16,599,9.983333333333333
1927972279,2016-03-17,6,0.1
1927972279,2016-03-18,523,8.716666666666667
1927972279,2016-03-19,583,9.716666666666667
1927972279,2016-03-20,548,9.133333333333333
1927972279,2016-03-21,334,5.566666666666666
1927972279,2016-03-22,379,6.316666666666666
1927972279,2016-03-23,447,7.45
1927972279,2016-03-24,428,7.133333333333334
1927972279,2016-03-25,60,1
1927972279,2016-03-26,387,6.45
1927972279,2016-03-27,112,1.8666666666666667
1927972279,2016-03-28,219,3.65
1927972279,2016-03-29,563,9.383333333333333
1927972279,2016-03-30,401,6.683333333333334
1927972279,2016-03-31,493,8.216666666666667
1927972279,2016-04-01,369,6.15
1927972279,2016-04-02,280,4.666666666666667
1927972279,2016-04-03,107,1.7833333333333334
1927972279,2016-04-04,465,7.75
1927972279,2016-04-05,393,6.55
1927972279,2016-04-06,414,6.9
1927972279,2016-04-09,39,0.65
1927972279,2016-04-10,479,7.983333333333333
1927972279,2016-04-11,496,8.266666666666667
1927972279,2016-04-12,482,8.033333333333333
2022484408,2016-03-13,135,2.25
2026352035,2016-03-11,126,2.1
2026352035,2016-03-12,540,9
2026352035,2016-03-13,648,10.8
2026352035,2016-03-14,510,8.5
2026352035,2016-03-15,422,7.033333333333333
2026352035,2016-03-16,144,2.4
2026352035,2016-03-17,479,7.983333333333333
2026352035,2016-03-18,575,9.583333333333334
2026352035,2016-03-19,515,8.583333333333334
2026352035,2016-03-20,545,9.083333333333334
2026352035,2016-03-21,567,9.45
2026352035,2016-03-22,520,8.666666666666666
2026352035,2016-03-23,562,9.366666666666667
2026352035,2016-03-24,531,8.85
2026352035,2016-03-25,495,8.25
2026352035,2016-03-26,579,9.65
2026352035,2016-03-27,545,9.083333333333334
2026352035,2016-03-28,510,8.5
2026352035,2016-03-29,482,8.033333333333333
2026352035,2016-03-30,468,7.8
2026352035,2016-03-31,524,8.733333333333333
2026352035,2016-04-01,514,8.566666666666666
2026352035,2016-04-02,528,8.8
2026352035,2016-04-03,534,8.9
2026352035,2016-04-04,493,8.216666666666667
2026352035,2016-04-05,531,8.85
2026352035,2016-04-06,465,7.75
2026352035,2016-04-07,540,9
2026352035,2016-04-08,521,8.683333333333334
2026352035,2016-04-09,490,8.166666666666666
2026352035,2016-04-10,504,8.4
2026352035,2016-04-11,541,9.016666666666667
2026352035,2016-04-12,341,5.683333333333334
2347167796,2016-03-11,14,0.23333333333333334
2347167796,2016-03-12,474,7.9
2347167796,2016-03-13,577,9.616666666666667
2347167796,2016-03-14,432,7.2
2347167796,2016-03-15,501,8.35
2347167796,2016-03-16,446,7.433333333333334
2347167796,2016-03-17,383,6.383333333333334
2347167796,2016-03-18,435,7.25
2347167796,2016-03-19,250,4.166666666666667
2347167796,2016-03-20,529,8.816666666666666
2347167796,2016-03-21,452,7.533333333333333
2347167796,2016-03-22,488,8.133333333333333
2347167796,2016-03-23,449,7.483333333333333
2347167796,2016-03-24,435,7.25
2347167796,2016-03-25,313,5.216666666666667
2347167796,2016-03-27,107,1.7833333333333334
2347167796,2016-03-28,516,8.6
2347167796,2016-03-29,422,7.033333333333333
2347167796,2016-03-30,472,7.866666666666666
2347167796,2016-03-31,517,8.616666666666667
2347167796,2016-04-01,374,6.233333333333333
2347167796,2016-04-02,417,6.95
2347167796,2016-04-03,579,9.65
2347167796,2016-04-04,472,7.866666666666666
2347167796,2016-04-05,395,6.583333333333333
2347167796,2016-04-06,372,6.2
2347167796,2016-04-07,70,1.1666666666666667
2347167796,2016-04-08,380,6.333333333333333
2347167796,2016-04-09,18,0.3
2347167796,2016-04-10,601,10.016666666666667
2347167796,2016-04-11,353,5.883333333333334
3977333714,2016-03-13,304,5.066666666666666
3977333714,2016-03-14,303,5.05
3977333714,2016-03-15,257,4.283333333333333
3977333714,2016-03-16,208,3.466666666666667
3977333714,2016-03-17,356,5.933333333333334
3977333714,2016-04-01,297,4.95
3977333714,2016-04-02,199,3.316666666666667
3977333714,2016-04-03,222,3.7
3977333714,2016-04-04,205,3.4166666666666665
3977333714,2016-04-05,378,6.3
3977333714,2016-04-06,296,4.933333333333334
3977333714,2016-04-07,221,3.683333333333333
3977333714,2016-04-08,305,5.083333333333333
3977333714,2016-04-09,273,4.55
3977333714,2016-04-10,293,4.883333333333334
3977333714,2016-04-11,282,4.7
4020332650,2016-03-12,384,6.4
4020332650,2016-03-13,505,8.416666666666666
4020332650,2016-03-14,265,4.416666666666667
4020332650,2016-03-15,331,5.516666666666667
4020332650,2016-03-16,459,7.65
4020332650,2016-03-17,374,6.233333333333333
4020332650,2016-03-30,366,6.1
4020332650,2016-03-31,259,4.316666666666666
4020332650,2016-04-01,429,7.15
4020332650,2016-04-02,499,8.316666666666666
4020332650,2016-04-03,387,6.45
4020332650,2016-04-04,463,7.716666666666667
4020332650,2016-04-06,245,4.083333333333333
4020332650,2016-04-10,74,1.2333333333333334
4020332650,2016-04-11,426,7.1
4319703577,2016-03-11,78,1.3
4319703577,2016-03-12,503,8.383333333333333
4319703577,2016-03-13,364,6.066666666666666
4319703577,2016-03-14,94,1.5666666666666667
4319703577,2016-03-15,458,7.633333333333334
4319703577,2016-03-16,496,8.266666666666667
4319703577,2016-03-17,495,8.25
4319703577,2016-03-18,481,8.016666666666667
4319703577,2016-03-19,473,7.883333333333334
4319703577,2016-03-20,450,7.5
4319703577,2016-03-21,428,7.133333333333334
4319703577,2016-03-22,63,1.05
4319703577,2016-03-23,490,8.166666666666666
4319703577,2016-03-24,412,6.866666666666666
4319703577,2016-03-25,519,8.65
4319703577,2016-03-26,489,8.15
4319703577,2016-03-27,583,9.716666666666667
4319703577,2016-03-28,498,8.3
4319703577,2016-03-29,514,8.566666666666666
4319703577,2016-03-30,454,7.566666666666666
4319703577,2016-03-31,38,0.6333333333333333
4319703577,2016-04-01,466,7.766666666666667
4319703577,2016-04-02,529,8.816666666666666
4319703577,2016-04-03,568,9.466666666666667
4319703577,2016-04-04,473,7.883333333333334
4319703577,2016-04-05,507,8.45
4319703577,2016-04-06,901,15.016666666666667
4319703577,2016-04-07,433,7.216666666666667
4445114986,2016-03-12,361,6.016666666666667
4445114986,2016-03-13,348,5.8
4445114986,2016-03-15,487,8.116666666666667
4445114986,2016-03-16,388,6.466666666666667
4445114986,2016-03-17,217,3.6166666666666667
4445114986,2016-03-19,137,2.283333333333333
4445114986,2016-03-20,539,8.983333333333333
4445114986,2016-03-21,195,3.25
4445114986,2016-03-22,344,5.733333333333333
4445114986,2016-03-24,380,6.333333333333333
4445114986,2016-03-25,325,5.416666666666667
4445114986,2016-03-26,156,2.6
4445114986,2016-03-27,318,5.3
4445114986,2016-03-28,359,5.983333333333333
4445114986,2016-03-29,442,7.366666666666666
4445114986,2016-03-31,360,6
4445114986,2016-04-01,311,5.183333333333334
4445114986,2016-04-02,469,7.816666666666666
4445114986,2016-04-05,465,7.75
4445114986,2016-04-06,431,7.183333333333334
4445114986,2016-04-07,262,4.366666666666666
4445114986,2016-04-08,219,3.65
4445114986,2016-04-09,391,6.516666666666667
4445114986,2016-04-10,347,5.783333333333333
4445114986,2016-04-11,395,6.583333333333333
4445114986,2016-04-12,308,5.133333333333334
4558609924,2016-03-30,96,1.6
4558609924,2016-03-31,190,3.1666666666666665
4558609924,2016-04-02,86,1.4333333333333333
4558609924,2016-04-03,274,4.566666666666666
4702921684,2016-03-11,119,1.9833333333333334
4702921684,2016-03-12,454,7.566666666666666
4702921684,2016-03-13,281,4.683333333333334
4702921684,2016-03-14,437,7.283333333333333
4702921684,2016-03-15,453,7.55
4702921684,2016-03-16,461,7.683333333333334
4702921684,2016-03-17,446,7.433333333333334
4702921684,2016-03-18,345,5.75
4702921684,2016-03-21,99,1.65
4702921684,2016-03-22,428,7.133333333333334
4702921684,2016-03-23,429,7.15
4702921684,2016-03-24,428,7.133333333333334
4702921684,2016-03-25,458,7.633333333333334
4702921684,2016-03-26,404,6.733333333333333
4702921684,2016-03-27,563,9.383333333333333
4702921684,2016-03-28,419,6.983333333333333
4702921684,2016-03-29,413,6.883333333333334
4702921684,2016-03-30,421,7.016666666666667
4702921684,2016-03-31,420,7
4702921684,2016-04-01,454,7.566666666666666
4702921684,2016-04-02,538,8.966666666666667
4702921684,2016-04-03,558,9.3
4702921684,2016-04-04,419,6.983333333333333
4702921684,2016-04-05,404,6.733333333333333
4702921684,2016-04-06,454,7.566666666666666
4702921684,2016-04-07,448,7.466666666666667
4702921684,2016-04-08,345,5.75
4702921684,2016-04-09,425,7.083333333333333
4702921684,2016-04-10,533,8.883333333333333
4702921684,2016-04-11,329,5.483333333333333
5553957443,2016-03-12,707,11.783333333333333
5553957443,2016-03-13,756,12.6
5553957443,2016-03-14,273,4.55
5553957443,2016-03-15,378,6.3
5553957443,2016-03-16,319,5.316666666666666
5553957443,2016-03-17,311,5.183333333333334
5553957443,2016-03-18,105,1.75
5553957443,2016-03-21,144,2.4
5553957443,2016-03-22,526,8.766666666666667
5553957443,2016-03-23,249,4.15
5553957443,2016-03-24,364,6.066666666666666
5553957443,2016-03-25,607,10.116666666666667
5553957443,2016-03-26,348,5.8
5553957443,2016-03-27,665,11.083333333333334
5553957443,2016-03-28,613,10.216666666666667
5553957443,2016-03-29,314,5.233333333333333
5553957443,2016-03-30,360,6
5553957443,2016-03-31,351,5.85
5553957443,2016-04-01,337,5.616666666666666
5553957443,2016-04-02,791,13.183333333333334
5553957443,2016-04-03,742,12.366666666666667
5553957443,2016-04-04,413,6.883333333333334
5553957443,2016-04-05,340,5.666666666666667
5553957443,2016-04-06,385,6.416666666666667
5553957443,2016-04-07,338,5.633333333333334
5553957443,2016-04-08,379,6.316666666666666
5553957443,2016-04-09,619,10.316666666666666
5553957443,2016-04-10,629,10.483333333333333
5553957443,2016-04-11,428,7.133333333333334
5553957443,2016-04-12,346,5.766666666666667
5577150313,2016-03-11,156,2.6
5577150313,2016-03-12,523,8.716666666666667
5577150313,2016-03-13,419,6.983333333333333
5577150313,2016-03-14,364,6.066666666666666
5577150313,2016-03-15,470,7.833333333333333
5577150313,2016-03-16,446,7.433333333333334
5577150313,2016-03-17,432,7.2
5577150313,2016-03-18,421,7.016666666666667
5577150313,2016-03-19,366,6.1
5577150313,2016-03-20,619,10.316666666666666
5577150313,2016-03-21,387,6.45
5577150313,2016-03-22,99,1.65
5577150313,2016-03-23,511,8.516666666666667
5577150313,2016-03-24,390,6.5
5577150313,2016-03-25,430,7.166666666666667
5577150313,2016-03-26,438,7.3
5577150313,2016-03-27,330,5.5
5577150313,2016-03-28,484,8.066666666666666
5577150313,2016-03-29,451,7.516666666666667
5577150313,2016-03-30,432,7.2
5577150313,2016-03-31,426,7.1
5577150313,2016-04-01,435,7.25
5577150313,2016-04-02,355,5.916666666666667
5577150313,2016-04-03,389,6.483333333333333
5577150313,2016-04-04,435,7.25
5577150313,2016-04-05,390,6.5
5577150313,2016-04-06,393,6.55
5577150313,2016-04-07,454,7.566666666666666
5577150313,2016-04-08,451,7.516666666666667
5577150313,2016-04-09,499,8.316666666666666
5577150313,2016-04-10,412,6.866666666666666
5577150313,2016-04-11,312,5.2
6117666160,2016-03-11,78,1.3
6117666160,2016-03-12,644,10.733333333333333
6117666160,2016-03-13,117,1.95
6117666160,2016-03-14,626,10.433333333333334
6117666160,2016-03-15,482,8.033333333333333
6117666160,2016-03-16,606,10.1
6117666160,2016-03-17,638,10.633333333333333
6117666160,2016-03-18,598,9.966666666666667
6117666160,2016-03-19,611,10.183333333333334
6117666160,2016-03-20,535,8.916666666666666
6117666160,2016-03-21,493,8.216666666666667
6117666160,2016-03-22,376,6.266666666666667
6117666160,2016-03-23,484,8.066666666666666
6117666160,2016-03-24,699,11.65
6117666160,2016-03-25,510,8.5
6117666160,2016-03-26,436,7.266666666666667
6117666160,2016-03-27,496,8.266666666666667
6117666160,2016-03-28,21,0.35
6117666160,2016-03-29,556,9.266666666666667
6117666160,2016-03-30,101,1.6833333333333333
6117666160,2016-03-31,589,9.816666666666666
6117666160,2016-04-01,558,9.3
6117666160,2016-04-02,454,7.566666666666666
6117666160,2016-04-05,61,1.0166666666666666
6117666160,2016-04-06,523,8.716666666666667
6117666160,2016-04-07,499,8.316666666666666
6117666160,2016-04-09,435,7.25
6775888955,2016-03-11,66,1.1
6775888955,2016-03-12,421,7.016666666666667
6775888955,2016-03-13,37,0.6166666666666667
6775888955,2016-03-14,590,9.833333333333334
6775888955,2016-03-15,119,1.9833333333333334
6775888955,2016-03-18,278,4.633333333333334
6775888955,2016-03-19,387,6.45
6775888955,2016-03-21,364,6.066666666666666
6775888955,2016-03-25,36,0.6
6775888955,2016-03-26,332,5.533333333333333
6775888955,2016-03-27,363,6.05
6775888955,2016-03-28,454,7.566666666666666
6775888955,2016-03-31,290,4.833333333333333
6775888955,2016-04-01,10,0.16666666666666666
6775888955,2016-04-02,429,7.15
6775888955,2016-04-06,441,7.35
6775888955,2016-04-07,275,4.583333333333333
6962181067,2016-03-11,23,0.38333333333333336
6962181067,2016-03-12,522,8.7
6962181067,2016-03-13,483,8.05
6962181067,2016-03-14,431,7.183333333333334
6962181067,2016-03-15,360,6
6962181067,2016-03-16,329,5.483333333333333
6962181067,2016-03-17,381,6.35
6962181067,2016-03-18,421,7.016666666666667
6962181067,2016-03-19,487,8.116666666666667
6962181067,2016-03-20,449,7.483333333333333
6962181067,2016-03-21,427,7.116666666666666
6962181067,2016-03-22,537,8.95
6962181067,2016-03-23,563,9.383333333333333
6962181067,2016-03-24,461,7.683333333333334
6962181067,2016-03-25,503,8.383333333333333
6962181067,2016-03-26,476,7.933333333333334
6962181067,2016-03-27,516,8.6
6962181067,2016-03-28,515,8.583333333333334
6962181067,2016-03-29,397,6.616666666666666
6962181067,2016-03-30,418,6.966666666666667
6962181067,2016-03-31,509,8.483333333333333
6962181067,2016-04-01,527,8.783333333333333
6962181067,2016-04-02,399,6.65
6962181067,2016-04-03,537,8.95
6962181067,2016-04-04,363,6.05
6962181067,2016-04-05,358,5.966666666666667
6962181067,2016-04-06,474,7.9
6962181067,2016-04-07,423,7.05
6962181067,2016-04-08,402,6.7
6962181067,2016-04-09,434,7.233333333333333
6962181067,2016-04-10,414,6.9
6962181067,2016-04-11,393,6.55
6962181067,2016-04-12,366,6.1
7007744171,2016-03-14,87,1.45
7007744171,2016-03-24,62,1.0333333333333334
7007744171,2016-03-26,57,0.95
7007744171,2016-03-30,63,1.05
7007744171,2016-04-02,56,0.9333333333333333
7007744171,2016-04-03,70,1.1666666666666667
7007744171,2016-04-05,66,1.1
7007744171,2016-04-07,63,1.05
7086361926,2016-03-12,557,9.283333333333333
7086361926,2016-03-13,20,0.3333333333333333
7086361926,2016-03-14,414,6.9
7086361926,2016-03-15,392,6.533333333333333
7086361926,2016-03-16,404,6.733333333333333
7086361926,2016-03-17,396,6.6
7086361926,2016-03-20,460,7.666666666666667
7086361926,2016-03-21,521,8.683333333333334
7086361926,2016-03-23,440,7.333333333333333
7086361926,2016-03-25,281,4.683333333333334
7086361926,2016-03-26,311,5.183333333333334
7086361926,2016-03-27,68,1.1333333333333333
7086361926,2016-03-28,228,3.8
7086361926,2016-03-29,470,7.833333333333333
7086361926,2016-03-30,615,10.25
7086361926,2016-03-31,635,10.583333333333334
7086361926,2016-04-01,410,6.833333333333333
7086361926,2016-04-02,552,9.2
7086361926,2016-04-05,89,1.4833333333333334
7086361926,2016-04-06,454,7.566666666666666
7086361926,2016-04-07,503,8.383333333333333
7086361926,2016-04-08,389,6.483333333333333
7086361926,2016-04-09,466,7.766666666666667
7086361926,2016-04-10,36,0.6
7086361926,2016-04-11,497,8.283333333333333
7086361926,2016-04-12,410,6.833333333333333
8053475328,2016-03-29,498,8.3
8378563200,2016-03-11,110,1.8333333333333333
8378563200,2016-03-12,577,9.616666666666667
8378563200,2016-03-13,521,8.683333333333334
8378563200,2016-03-14,331,5.516666666666667
8378563200,2016-03-15,349,5.816666666666666
8378563200,2016-03-16,382,6.366666666666666
8378563200,2016-03-17,390,6.5
8378563200,2016-03-18,561,9.35
8378563200,2016-03-19,489,8.15
8378563200,2016-03-20,443,7.383333333333334
8378563200,2016-03-21,416,6.933333333333334
8378563200,2016-03-22,445,7.416666666666667
8378563200,2016-03-23,356,5.933333333333334
8378563200,2016-03-24,420,7
8378563200,2016-03-25,271,4.516666666666667
8378563200,2016-03-26,615,10.25
8378563200,2016-03-27,568,9.466666666666667
8378563200,2016-03-28,434,7.233333333333333
8378563200,2016-03-29,321,5.35
8378563200,2016-03-30,563,9.383333333333333
8378563200,2016-03-31,428,7.133333333333334
8378563200,2016-04-01,408,6.8
8378563200,2016-04-02,582,9.7
8378563200,2016-04-03,529,8.816666666666666
8378563200,2016-04-04,417,6.95
8378563200,2016-04-05,414,6.9
8378563200,2016-04-06,403,6.716666666666667
8378563200,2016-04-07,458,7.633333333333334
8378563200,2016-04-08,302,5.033333333333333
8378563200,2016-04-09,405,6.75
8378563200,2016-04-10,568,9.466666666666667
8378563200,2016-04-11,330,5.5
8378563200,2016-04-12,247,4.116666666666666
8792009665,2016-03-27,391,6.516666666666667
8792009665,2016-03-28,389,6.483333333333333
8792009665,2016-03-29,196,3.2666666666666666
8792009665,2016-03-30,442,7.366666666666666
8792009665,2016-04-01,480,8
8792009665,2016-04-03,479,7.983333333333333
8792009665,2016-04-04,566,9.433333333333334
8792009665,2016-04-05,384,6.4
8792009665,2016-04-06,427,7.116666666666666
8792009665,2016-04-07,446,7.433333333333334
8792009665,2016-04-08,424,7.066666666666666
8792009665,2016-04-09,601,10.016666666666667
